{
  "publicPath": "/dist/",
  "all": [
    "0.906656682822de3a0b08.js",
    "0.906656682822de3a0b08.js.map",
    "main.bd45357db26604247cae.js",
    "main.bd45357db26604247cae.js.map"
  ],
  "initial": [
    "main.bd45357db26604247cae.js"
  ],
  "async": [
    "0.906656682822de3a0b08.js"
  ],
  "modules": {
    "c09510ce": [
      2,
      3
    ],
    "281f636e": [
      0,
      1
    ],
    "5b4503fe": [
      2,
      3
    ],
    "741f4880": [
      2,
      3
    ],
    "4575e10e": [
      2,
      3
    ],
    "fc90d0de": [
      2,
      3
    ],
    "0ef16cd5": [
      2,
      3
    ],
    "726190df": [
      0,
      1
    ],
    "e07e4dd6": [
      2,
      3
    ],
    "1acf1a7b": [
      2,
      3
    ],
    "2227a9e5": [
      2,
      3
    ],
    "545e4742": [
      2,
      3
    ],
    "75c58af7": [
      2,
      3
    ],
    "2b608625": [
      2,
      3
    ],
    "0ea3ab71": [
      2,
      3
    ],
    "292f0451": [
      2,
      3
    ],
    "1fe2cb4a": [
      2,
      3
    ],
    "9c0037d6": [
      2,
      3
    ],
    "246a627c": [
      0,
      1
    ],
    "59d39c26": [
      0,
      1
    ],
    "70b8a565": [
      0,
      1
    ],
    "7467b9b2": [
      2,
      3
    ],
    "1cb4e462": [
      2,
      3
    ],
    "550b7195": [
      2,
      3
    ]
  }
}